[
  {
    "featureId": "custom-oms-buc-customization-app",
    "state": "ACTIVE",
    "sequence": 6.1,
    "title": "OMS BUC Customization App",
    "iconName": "website-20",
    "link": "/custom-ohub-sample",
    "path": "/custom-ohub-sample",
    "hidden": false,
    "allowedRoles": [
      "Fulfillment Manager",
      "Tenant Administrator"
    ],
    "description": [
      {
        "locale": "en_US",
        "language": "en",
        "title": "OMS BUC Customization App"
      }
    ],
    "type": "IFRAME"
  },
  {
    "featureId": "custom-iv-starter-home",
    "state": "ACTIVE",
    "parentFeatureId": "custom-oms-buc-customization-app",
    "sequence": 0,
    "title": "IV Starter Home",
    "iconName": "website-20",
    "link": "/custom-ohub-sample/home/ivhome",
    "path": "/custom-ohub-sample/home/ivhome",
    "hidden": false,
    "allowedRoles": [
      "Fulfillment Manager"
    ],
    "description": [
      {
        "locale": "en_US",
        "language": "en",
        "title": "IV Starter Home"
      }
    ],
    "type": "IFRAME"
  },
  {
    "featureId": "custom-oms-starter-home",
    "state": "ACTIVE",
    "parentFeatureId": "custom-oms-buc-customization-app",
    "sequence": 0.1,
    "title": "OMS Starter Home",
    "iconName": "website-20",
    "link": "/custom-ohub-sample/omshome",
    "path": "/custom-ohub-sample/home/omshome",
    "hidden": false,
    "allowedRoles": [
      "Tenant Administrator"
    ],
    "description": [
      {
        "locale": "en_US",
        "language": "en",
        "title": "OMS Starter Home"
      }
    ],
    "type": "IFRAME"
  },
  {
    "featureId": "custom-order-home",
    "parentFeatureId": "custom-oms-buc-customization-app",
    "sequence": 0.101,
    "title": "Mattel Order Home",
    "iconName": "website-20",
    "link": "/custom-ohub-sample/home/ordershome",
    "path": "/custom-ohub-sample/home/ordershome",
    "description": [
        {
            "locale": "en_US",
            "language": "en",
            "title": "Mattel Order Home"
        }
    ],
    "hidden": false,
    "state": "ACTIVE",
    "allowedRoles": [
        "Fulfillment Manager",
        "Tenant Administrator"
    ],
    "type": "IFRAME"
}
]
