
{
  "header": {
    "reportVersion": 1,
    "event": "Allocation failed - JavaScript heap out of memory",
    "trigger": "FatalError",
    "filename": "report.20211030.210502.27980.0.001.json",
    "dumpEventTime": "2021-10-30T21:05:02Z",
    "dumpEventTimeStamp": "1635608102686",
    "processId": 27980,
    "cwd": "D:\\ohubb\\custom-ohub-sample",
    "commandLine": [
      "D:\\nodejs\\node.exe",
      "D:\\ohubb\\custom-ohub-sample\\node_modules\\.bin\\\\..\\@angular\\cli\\bin\\ng",
      "serve",
      "--port",
      "9000",
      "--ssl",
      "--source-map",
      "--base-href=/custom-ohub-sample/",
      "--host=bucgenerichost"
    ],
    "nodejsVersion": "v12.14.1",
    "wordSize": 64,
    "arch": "x64",
    "platform": "win32",
    "componentVersions": {
      "node": "12.14.1",
      "v8": "7.7.299.13-node.16",
      "uv": "1.33.1",
      "zlib": "1.2.11",
      "brotli": "1.0.7",
      "ares": "1.15.0",
      "modules": "72",
      "nghttp2": "1.40.0",
      "napi": "5",
      "llhttp": "2.0.1",
      "http_parser": "2.8.0",
      "openssl": "1.1.1d",
      "cldr": "35.1",
      "icu": "64.2",
      "tz": "2019c",
      "unicode": "12.1"
    },
    "release": {
      "name": "node",
      "lts": "Erbium",
      "headersUrl": "https://nodejs.org/download/release/v12.14.1/node-v12.14.1-headers.tar.gz",
      "sourceUrl": "https://nodejs.org/download/release/v12.14.1/node-v12.14.1.tar.gz",
      "libUrl": "https://nodejs.org/download/release/v12.14.1/win-x64/node.lib"
    },
    "osName": "Windows_NT",
    "osRelease": "10.0.22000",
    "osVersion": "Windows 10 Home Single Language",
    "osMachine": "x86_64",
    "cpus": [
      {
        "model": "11th Gen Intel(R) Core(TM) i5-1135G7 @ 2.40GHz",
        "speed": 1382,
        "user": 2411484,
        "nice": 0,
        "sys": 3085593,
        "idle": 80864546,
        "irq": 478781
      },
      {
        "model": "11th Gen Intel(R) Core(TM) i5-1135G7 @ 2.40GHz",
        "speed": 1382,
        "user": 2728359,
        "nice": 0,
        "sys": 1876937,
        "idle": 81756140,
        "irq": 99375
      },
      {
        "model": "11th Gen Intel(R) Core(TM) i5-1135G7 @ 2.40GHz",
        "speed": 1382,
        "user": 2772625,
        "nice": 0,
        "sys": 1826375,
        "idle": 81762437,
        "irq": 86906
      },
      {
        "model": "11th Gen Intel(R) Core(TM) i5-1135G7 @ 2.40GHz",
        "speed": 1382,
        "user": 2723015,
        "nice": 0,
        "sys": 1398078,
        "idle": 82240343,
        "irq": 63140
      },
      {
        "model": "11th Gen Intel(R) Core(TM) i5-1135G7 @ 2.40GHz",
        "speed": 1382,
        "user": 2230484,
        "nice": 0,
        "sys": 1228109,
        "idle": 82902843,
        "irq": 49734
      },
      {
        "model": "11th Gen Intel(R) Core(TM) i5-1135G7 @ 2.40GHz",
        "speed": 1382,
        "user": 2097390,
        "nice": 0,
        "sys": 1036890,
        "idle": 83227156,
        "irq": 43734
      },
      {
        "model": "11th Gen Intel(R) Core(TM) i5-1135G7 @ 2.40GHz",
        "speed": 1382,
        "user": 2171578,
        "nice": 0,
        "sys": 1042609,
        "idle": 83147250,
        "irq": 38687
      },
      {
        "model": "11th Gen Intel(R) Core(TM) i5-1135G7 @ 2.40GHz",
        "speed": 1382,
        "user": 2089921,
        "nice": 0,
        "sys": 933265,
        "idle": 83338234,
        "irq": 32515
      }
    ],
    "networkInterfaces": [
      {
        "name": "Ethernet 2",
        "internal": false,
        "mac": "0a:00:27:00:00:0f",
        "address": "fe80::607c:3b54:bd8a:92fd",
        "netmask": "ffff:ffff:ffff:ffff::",
        "family": "IPv6",
        "scopeid": 15
      },
      {
        "name": "Ethernet 2",
        "internal": false,
        "mac": "0a:00:27:00:00:0f",
        "address": "192.168.56.1",
        "netmask": "255.255.255.0",
        "family": "IPv4"
      },
      {
        "name": "Wi-Fi",
        "internal": false,
        "mac": "d4:1b:81:c8:d4:8d",
        "address": "fe80::6cad:8e81:d2c:c0a0",
        "netmask": "ffff:ffff:ffff:ffff::",
        "family": "IPv6",
        "scopeid": 20
      },
      {
        "name": "Wi-Fi",
        "internal": false,
        "mac": "d4:1b:81:c8:d4:8d",
        "address": "192.168.0.167",
        "netmask": "255.255.255.0",
        "family": "IPv4"
      },
      {
        "name": "Loopback Pseudo-Interface 1",
        "internal": true,
        "mac": "00:00:00:00:00:00",
        "address": "::1",
        "netmask": "ffff:ffff:ffff:ffff:ffff:ffff:ffff:ffff",
        "family": "IPv6",
        "scopeid": 0
      },
      {
        "name": "Loopback Pseudo-Interface 1",
        "internal": true,
        "mac": "00:00:00:00:00:00",
        "address": "127.0.0.1",
        "netmask": "255.0.0.0",
        "family": "IPv4"
      }
    ],
    "host": "DESKTOP-UOAFUF7"
  },
  "javascriptStack": {
    "message": "No stack.",
    "stack": [
      "Unavailable."
    ]
  },
  "nativeStack": [
    {
      "pc": "0x00007ff7cc141759",
      "symbol": "std::basic_ostream<char,std::char_traits<char> >::operator<<+10873"
    },
    {
      "pc": "0x00007ff7cc145b7c",
      "symbol": "std::basic_ostream<char,std::char_traits<char> >::operator<<+28316"
    },
    {
      "pc": "0x00007ff7cc144b38",
      "symbol": "std::basic_ostream<char,std::char_traits<char> >::operator<<+24152"
    },
    {
      "pc": "0x00007ff7cc23433b",
      "symbol": "v8::base::CPU::has_sse+37723"
    },
    {
      "pc": "0x00007ff7cca38c5e",
      "symbol": "v8::Isolate::ReportExternalAllocationLimitReached+94"
    },
    {
      "pc": "0x00007ff7cca20ca1",
      "symbol": "v8::SharedArrayBuffer::Externalize+833"
    },
    {
      "pc": "0x00007ff7cc8ee56c",
      "symbol": "v8::internal::Heap::EphemeronKeyWriteBarrierFromCode+1436"
    },
    {
      "pc": "0x00007ff7cc8f9910",
      "symbol": "v8::internal::Heap::ProtectUnprotectedMemoryChunks+1312"
    },
    {
      "pc": "0x00007ff7cc8f6444",
      "symbol": "v8::internal::Heap::PageFlagsAreConsistent+3204"
    },
    {
      "pc": "0x00007ff7cc8ebcd3",
      "symbol": "v8::internal::Heap::CollectGarbage+1283"
    },
    {
      "pc": "0x00007ff7cc8ea4a4",
      "symbol": "v8::internal::Heap::AddRetainedMap+2356"
    },
    {
      "pc": "0x00007ff7cc90b775",
      "symbol": "v8::internal::Factory::NewFillerObject+53"
    },
    {
      "pc": "0x00007ff7cc677a49",
      "symbol": "v8::internal::interpreter::JumpTableTargetOffsets::iterator::operator=+4057"
    },
    {
      "pc": "0x00007ff7cce6463d",
      "symbol": "v8::internal::SetupIsolateDelegate::SetupHeap+567949"
    },
    {
      "pc": "0x00007ff7cce663eb",
      "symbol": "v8::internal::SetupIsolateDelegate::SetupHeap+575547"
    },
    {
      "pc": "0x00007ff7cce4002b",
      "symbol": "v8::internal::SetupIsolateDelegate::SetupHeap+418939"
    },
    {
      "pc": "0x00007ff7cce4f921",
      "symbol": "v8::internal::SetupIsolateDelegate::SetupHeap+482673"
    },
    {
      "pc": "0x0000020527c10d6e",
      "symbol": ""
    }
  ],
  "javascriptHeap": {
    "totalMemory": 2171072512,
    "totalCommittedMemory": 2171072512,
    "usedMemory": 2133110832,
    "availableMemory": 50794288,
    "memoryLimit": 2197815296,
    "heapSpaces": {
      "read_only_space": {
        "memorySize": 262144,
        "committedMemory": 262144,
        "capacity": 261872,
        "used": 32296,
        "available": 229576
      },
      "new_space": {
        "memorySize": 20971520,
        "committedMemory": 20971520,
        "capacity": 10474880,
        "used": 3204488,
        "available": 7270392
      },
      "old_space": {
        "memorySize": 1897771008,
        "committedMemory": 1897771008,
        "capacity": 1886266432,
        "used": 1880189776,
        "available": 6076656
      },
      "code_space": {
        "memorySize": 3833856,
        "committedMemory": 3833856,
        "capacity": 3244832,
        "used": 3244832,
        "available": 0
      },
      "map_space": {
        "memorySize": 4722688,
        "committedMemory": 4722688,
        "capacity": 3572320,
        "used": 3572320,
        "available": 0
      },
      "large_object_space": {
        "memorySize": 242888704,
        "committedMemory": 242888704,
        "capacity": 242316720,
        "used": 242316720,
        "available": 0
      },
      "code_large_object_space": {
        "memorySize": 622592,
        "committedMemory": 622592,
        "capacity": 550400,
        "used": 550400,
        "available": 0
      },
      "new_large_object_space": {
        "memorySize": 0,
        "committedMemory": 0,
        "capacity": 10474880,
        "used": 0,
        "available": 10474880
      }
    }
  },
  "resourceUsage": {
    "userCpuSeconds": 685.937,
    "kernelCpuSeconds": 27.859,
    "cpuConsumptionPercent": 91.8656,
    "maxRss": 2354884608,
    "pageFaults": {
      "IORequired": 2889279,
      "IONotRequired": 0
    },
    "fsActivity": {
      "reads": 8981,
      "writes": 6
    }
  },
  "libuv": [
  ],
  "environmentVariables": {
    "=C:": "C:\\",
    "=D:": "D:\\ohubb\\custom-ohub-sample",
    "ALLUSERSPROFILE": "C:\\ProgramData",
    "APPDATA": "C:\\Users\\seshagiri\\AppData\\Roaming",
    "BROWSERSLIST_IGNORE_OLD_DATA": "1",
    "BUC_CLIENT_ID": "oyQja44TUk1rBLfo5oVo2HIFXZzAFSbp",
    "BUC_CLIENT_SECRET": " bT4VozVOGffFGX5sB6R0T0dVNhYW4n3vIO8Xd5MdLjP4ldqhWV1s5xMDqfouZTN6",
    "CommonProgramFiles": "C:\\Program Files\\Common Files",
    "CommonProgramFiles(x86)": "C:\\Program Files (x86)\\Common Files",
    "CommonProgramW6432": "C:\\Program Files\\Common Files",
    "COMPUTERNAME": "DESKTOP-UOAFUF7",
    "ComSpec": "C:\\WINDOWS\\system32\\cmd.exe",
    "DriverData": "C:\\Windows\\System32\\Drivers\\DriverData",
    "FPS_BROWSER_APP_PROFILE_STRING": "Internet Explorer",
    "FPS_BROWSER_USER_PROFILE_STRING": "Default",
    "HOMEDRIVE": "C:",
    "HOMEPATH": "\\Users\\seshagiri",
    "INIT_CWD": "D:\\ohubb\\custom-ohub-sample",
    "IntelliJ IDEA Community Edition": "D:\\IntelliJComm\\bin;",
    "LOCALAPPDATA": "C:\\Users\\seshagiri\\AppData\\Local",
    "LOGONSERVER": "\\\\DESKTOP-UOAFUF7",
    "NODE": "D:\\nodejs\\node.exe",
    "npm_config_argv": "{\"remain\":[],\"cooked\":[\"run\",\"start\"],\"original\":[\"start\"]}",
    "npm_config_bin_links": "true",
    "npm_config_ignore_optional": "",
    "npm_config_ignore_scripts": "",
    "npm_config_init_license": "MIT",
    "npm_config_init_version": "1.0.0",
    "npm_config_registry": "https://registry.yarnpkg.com",
    "npm_config_save_prefix": "^",
    "npm_config_strict_ssl": "true",
    "npm_config_user_agent": "yarn/1.22.17 npm/? node/v12.14.1 win32 x64",
    "npm_config_version_commit_hooks": "true",
    "npm_config_version_git_message": "v%s",
    "npm_config_version_git_sign": "",
    "npm_config_version_git_tag": "true",
    "npm_config_version_tag_prefix": "v",
    "npm_execpath": "C:\\Users\\seshagiri\\AppData\\Roaming\\npm\\node_modules\\yarn\\bin\\yarn.js",
    "npm_lifecycle_event": "start",
    "npm_lifecycle_script": "ng serve --port 9000 --ssl --source-map --base-href=/custom-ohub-sample/ --host=bucgenerichost",
    "npm_node_execpath": "D:\\nodejs\\node.exe",
    "npm_package_dependencies_bootstrap": "^5.0.1",
    "npm_package_dependencies_file_saver": "^2.0.5",
    "npm_package_dependencies_file_type": "^16.5.3",
    "npm_package_dependencies_rxjs": "~6.6.0",
    "npm_package_dependencies_tslib": "^2.1.0",
    "npm_package_dependencies_zone_js": "~0.11.4",
    "npm_package_dependencies__angular_animations": "~12.0.1",
    "npm_package_dependencies__angular_cdk": "^12.0.2",
    "npm_package_dependencies__angular_common": "~12.0.1",
    "npm_package_dependencies__angular_compiler": "~12.0.1",
    "npm_package_dependencies__angular_core": "^12.2.11",
    "npm_package_dependencies__angular_forms": "^12.2.12",
    "npm_package_dependencies__angular_material": "^12.0.2",
    "npm_package_dependencies__angular_platform_browser": "~12.0.1",
    "npm_package_dependencies__angular_platform_browser_dynamic": "~12.0.1",
    "npm_package_dependencies__angular_router": "~12.0.1",
    "npm_package_dependencies__buc_svc_angular": "https://static.omsbusinessusercontrols.ibm.com/buc-app-customization-production/buc-svc-angular-1.2005.12.tgz",
    "npm_package_dependencies__ngx_translate_core": "11.0.1",
    "npm_package_description": "This project is created as a quick starter project for the teams that need to customize the Order Hub. It follows the documented conventions for application development in Order Hub and can be used by the teams to validate their Order Hub customization configuration. Once the initial setup is complete and teams are able to launch the application in Order Hub, they will use this as the foundation for further application development. This project was generated with [Angular CLI](https://github.com/angular/angular-cli) version 8.3.3.",
    "npm_package_devDependencies_jasmine_core": "~3.7.0",
    "npm_package_devDependencies_karma": "~6.3.0",
    "npm_package_devDependencies_karma_chrome_launcher": "~3.1.0",
    "npm_package_devDependencies_karma_coverage": "~2.0.3",
    "npm_package_devDependencies_karma_jasmine": "~4.0.0",
    "npm_package_devDependencies_karma_jasmine_html_reporter": "^1.5.0",
    "npm_package_devDependencies_typescript": "~4.2.3",
    "npm_package_devDependencies__angular_cli": "~12.0.1",
    "npm_package_devDependencies__angular_compiler_cli": "~12.0.1",
    "npm_package_devDependencies__angular_devkit_build_angular": "~12.0.1",
    "npm_package_devDependencies__types_file_saver": "^2.0.2",
    "npm_package_devDependencies__types_jasmine": "~3.6.0",
    "npm_package_devDependencies__types_node": "^12.11.1",
    "npm_package_license": "Apache-2.0",
    "npm_package_name": "custom-ohub-sample",
    "npm_package_private": "true",
    "npm_package_readmeFilename": "README.md",
    "npm_package_scripts_build": "ng build",
    "npm_package_scripts_ng": "ng",
    "npm_package_scripts_ng_high_memory": "node --max_old_space_size=10000 ./node_modules/@angular/cli/bin/ng",
    "npm_package_scripts_start": "ng serve --port 9000 --ssl --source-map --base-href=/custom-ohub-sample/ --host=bucgenerichost",
    "npm_package_scripts_test": "ng test",
    "npm_package_scripts_watch": "ng build --watch --configuration development",
    "npm_package_version": "0.0.0",
    "NUMBER_OF_PROCESSORS": "8",
    "OneDrive": "C:\\Users\\seshagiri\\OneDrive",
    "OS": "Windows_NT",
    "Path": "C:\\Users\\SESHAG~1\\AppData\\Local\\Temp\\yarn--1635607325469-0.4464969418241713;D:\\ohubb\\custom-ohub-sample\\node_modules\\.bin;C:\\Users\\seshagiri\\AppData\\Local\\Yarn\\Data\\link\\node_modules\\.bin;C:\\Users\\seshagiri\\AppData\\Local\\Yarn\\bin;D:\\libexec\\lib\\node_modules\\npm\\bin\\node-gyp-bin;D:\\lib\\node_modules\\npm\\bin\\node-gyp-bin;D:\\nodejs\\node_modules\\npm\\bin\\node-gyp-bin;C:\\Program Files (x86)\\Common Files\\Oracle\\Java\\javapath;C:\\WINDOWS\\system32;C:\\WINDOWS;C:\\WINDOWS\\System32\\Wbem;C:\\WINDOWS\\System32\\WindowsPowerShell\\v1.0\\;C:\\WINDOWS\\System32\\OpenSSH\\;D:\\Git\\cmd;D:\\nodejs\\;C:\\Users\\seshagiri\\AppData\\Local\\Microsoft\\WindowsApps;D:\\IntelliJComm\\bin;;C:\\Users\\seshagiri\\AppData\\Local\\GitHubDesktop\\bin;d:\\VStudioCode\\bin;C:\\Users\\seshagiri\\AppData\\Roaming\\npm;",
    "PATHEXT": ".COM;.EXE;.BAT;.CMD;.VBS;.VBE;.JSE;.WSF;.WSH;.MSC",
    "PROCESSOR_ARCHITECTURE": "AMD64",
    "PROCESSOR_IDENTIFIER": "Intel64 Family 6 Model 140 Stepping 1, GenuineIntel",
    "PROCESSOR_LEVEL": "6",
    "PROCESSOR_REVISION": "8c01",
    "ProgramData": "C:\\ProgramData",
    "ProgramFiles": "C:\\Program Files",
    "ProgramFiles(x86)": "C:\\Program Files (x86)",
    "ProgramW6432": "C:\\Program Files",
    "PROMPT": "$P$G",
    "PSModulePath": "C:\\Program Files\\WindowsPowerShell\\Modules;C:\\WINDOWS\\system32\\WindowsPowerShell\\v1.0\\Modules",
    "PUBLIC": "C:\\Users\\Public",
    "SESSIONNAME": "Console",
    "SystemDrive": "C:",
    "SystemRoot": "C:\\WINDOWS",
    "TEMP": "C:\\Users\\SESHAG~1\\AppData\\Local\\Temp",
    "TMP": "C:\\Users\\SESHAG~1\\AppData\\Local\\Temp",
    "USERDOMAIN": "DESKTOP-UOAFUF7",
    "USERDOMAIN_ROAMINGPROFILE": "DESKTOP-UOAFUF7",
    "USERNAME": "seshagiri",
    "USERPROFILE": "C:\\Users\\seshagiri",
    "VBOX_MSI_INSTALL_PATH": "C:\\VBox\\",
    "WEBPACK_DEV_SERVER": "true",
    "windir": "C:\\WINDOWS",
    "YARN_WRAP_OUTPUT": "false",
    "ZES_ENABLE_SYSMAN": "1"
  },
  "sharedObjects": [
    "D:\\nodejs\\node.exe",
    "C:\\WINDOWS\\SYSTEM32\\ntdll.dll",
    "C:\\WINDOWS\\System32\\KERNEL32.DLL",
    "C:\\WINDOWS\\System32\\KERNELBASE.dll",
    "C:\\WINDOWS\\System32\\WS2_32.dll",
    "C:\\WINDOWS\\System32\\RPCRT4.dll",
    "C:\\WINDOWS\\System32\\ADVAPI32.dll",
    "C:\\WINDOWS\\SYSTEM32\\dbghelp.dll",
    "C:\\WINDOWS\\System32\\msvcrt.dll",
    "C:\\WINDOWS\\System32\\sechost.dll",
    "C:\\WINDOWS\\System32\\ucrtbase.dll",
    "C:\\WINDOWS\\System32\\USER32.dll",
    "C:\\WINDOWS\\System32\\win32u.dll",
    "C:\\WINDOWS\\System32\\GDI32.dll",
    "C:\\WINDOWS\\System32\\gdi32full.dll",
    "C:\\WINDOWS\\System32\\msvcp_win.dll",
    "C:\\WINDOWS\\System32\\PSAPI.DLL",
    "C:\\WINDOWS\\System32\\CRYPT32.dll",
    "C:\\WINDOWS\\SYSTEM32\\IPHLPAPI.DLL",
    "C:\\WINDOWS\\SYSTEM32\\USERENV.dll",
    "C:\\WINDOWS\\SYSTEM32\\WINMM.dll",
    "C:\\WINDOWS\\SYSTEM32\\bcrypt.dll",
    "C:\\WINDOWS\\System32\\IMM32.DLL",
    "C:\\WINDOWS\\SYSTEM32\\powrprof.dll",
    "C:\\WINDOWS\\SYSTEM32\\UMPDC.dll",
    "C:\\WINDOWS\\SYSTEM32\\CRYPTBASE.DLL",
    "C:\\WINDOWS\\system32\\uxtheme.dll",
    "C:\\WINDOWS\\System32\\combase.dll",
    "C:\\WINDOWS\\system32\\mswsock.dll",
    "C:\\WINDOWS\\SYSTEM32\\kernel.appcore.dll",
    "C:\\WINDOWS\\System32\\bcryptprimitives.dll",
    "C:\\WINDOWS\\System32\\NSI.dll",
    "C:\\WINDOWS\\SYSTEM32\\dhcpcsvc6.DLL",
    "C:\\WINDOWS\\SYSTEM32\\dhcpcsvc.DLL",
    "C:\\WINDOWS\\SYSTEM32\\DNSAPI.dll",
    "C:\\WINDOWS\\system32\\napinsp.dll",
    "C:\\WINDOWS\\system32\\pnrpnsp.dll",
    "C:\\WINDOWS\\System32\\winrnr.dll",
    "C:\\WINDOWS\\system32\\wshbth.dll",
    "C:\\WINDOWS\\system32\\nlansp_c.dll",
    "C:\\Windows\\System32\\rasadhlp.dll",
    "C:\\WINDOWS\\System32\\fwpuclnt.dll"
  ]
}